{"type": "block", "layer": 0, "block": 0, "features": [{"geom": {"pts": [[-9748.864286597818, 12118.493885434233, 2425.0]], "r": 50, "h": 200.0}, "mtl": 0}, {"geom": {"pts": [[-12468.376801863313, 12107.901821109466, 2500.0]], "r": 50, "h": 360.0}, "mtl": 0}], "featureCount": 2, "startIndex": 0}